{"cameraMode":{"drawMode":0,"name":"Shaded","section":"Shading Mode"},"sceneLighting":true,"audioPlay":false,"sceneViewState":{"showFog":false,"showMaterialUpdate":false,"showSkybox":false,"showFlares":false,"showImageEffects":false,"showParticleSystems":false},"in2DMode":false,"pivot":{"x":247.69332885742188,"y":156.09718322753907,"z":351.60321044921877},"rotation":{"x":-0.036289289593696597,"y":0.02607700601220131,"z":-0.0009472792153246701,"w":-0.9990007877349854},"size":375.7191467285156,"orthographic":false}